,id,name,supertype,subtypes,level,hp,types,evolvesFrom,evolvesTo,rules,attacks,set,number,artist,rarity,flavorText,nationalPokedexNumbers,legalities,images,tcgplayer,retreatCost,convertedRetreatCost,abilities
0,neo1-12,Pichu,Pokémon,['Baby'],5,30,['Lightning'],Pikachu,['Pikachu'],"[""If this Baby Pokémon is your Active Pokémon and your opponent tries to attack, your opponent flips a coin (before doing anything required in order to use that attack). If tails, your opponent's turn ends without an attack.""]","[{'name': 'Zzzap', 'cost': ['Colorless'], 'convertedEnergyCost': 1, 'damage': '', 'text': ""Does 20 damage to each Pokémon in play that has a Pokémon Power. Don't apply Weakness and Resistance.""}]","{'id': 'neo1', 'name': 'Neo Genesis', 'series': 'Neo', 'printedTotal': 111, 'total': 111, 'legalities': {'unlimited': 'Legal'}, 'ptcgoCode': 'N1', 'releaseDate': '2000/12/16', 'updatedAt': '2020/08/14 09:35:00', 'images': {'symbol': 'https://images.pokemontcg.io/neo1/symbol.png', 'logo': 'https://images.pokemontcg.io/neo1/logo.png'}}",12,Ken Sugimori,Rare Holo,"Despite its small size, it can zap even adult humans. However, if it does so, it also surprises itself.",[172],{'unlimited': 'Legal'},"{'small': 'https://images.pokemontcg.io/neo1/12.png', 'large': 'https://images.pokemontcg.io/neo1/12_hires.png'}","{'url': 'https://prices.pokemontcg.io/tcgplayer/neo1-12', 'updatedAt': '2021/05/13', 'prices': {'holofoil': {'low': 34.0, 'mid': 59.99, 'high': 200.0, 'market': 61.34, 'directLow': None}, '1stEditionHolofoil': {'low': 108.16, 'mid': 116.62, 'high': 400.0, 'market': 176.31, 'directLow': None}}}",,,
1,ecard1-17,Magby,Pokémon,['Baby'],,30,['Fire'],,['Magmar'],"[""If your Active Pokémon is a Baby Pokémon and your opponent announces an attack, your opponent flips a coin (before doing anything else). If tails, your opponent's turn ends.""]","[{'name': 'Energy Catch', 'cost': ['Fire'], 'convertedEnergyCost': 1, 'damage': '', 'text': 'Flip a coin. If heads, put a basic Energy card from your discard pile into your hand.'}]","{'id': 'ecard1', 'name': 'Expedition Base Set', 'series': 'E-Card', 'printedTotal': 165, 'total': 165, 'legalities': {'unlimited': 'Legal'}, 'ptcgoCode': 'EX', 'releaseDate': '2002/09/15', 'updatedAt': '2020/08/14 09:35:00', 'images': {'symbol': 'https://images.pokemontcg.io/ecard1/symbol.png', 'logo': 'https://images.pokemontcg.io/ecard1/logo.png'}}",17,Mitsuhiro Arita,Rare Holo,,[240],{'unlimited': 'Legal'},"{'small': 'https://images.pokemontcg.io/ecard1/17.png', 'large': 'https://images.pokemontcg.io/ecard1/17_hires.png'}","{'url': 'https://prices.pokemontcg.io/tcgplayer/ecard1-17', 'updatedAt': '2021/05/13', 'prices': {'holofoil': {'low': 25.0, 'mid': 31.99, 'high': 32.0, 'market': 29.49, 'directLow': None}, 'reverseHolofoil': {'low': 11.11, 'mid': 35.0, 'high': 59.97, 'market': 10.52, 'directLow': None}}}",['Colorless'],1.0,
2,neo1-20,Cleffa,Pokémon,['Baby'],6,30,['Colorless'],,['Clefairy'],"[""If this Baby Pokémon is your Active Pokémon and your opponent tries to attack, your opponent flips a coin (before doing anything required in order to use that attack). If tails, your opponent's turn ends without an attack.""]","[{'name': 'Eeeeeeek', 'cost': ['Colorless'], 'convertedEnergyCost': 1, 'damage': '', 'text': 'Shuffle your hand into your deck, then draw 7 cards.'}]","{'id': 'neo1', 'name': 'Neo Genesis', 'series': 'Neo', 'printedTotal': 111, 'total': 111, 'legalities': {'unlimited': 'Legal'}, 'ptcgoCode': 'N1', 'releaseDate': '2000/12/16', 'updatedAt': '2020/08/14 09:35:00', 'images': {'symbol': 'https://images.pokemontcg.io/neo1/symbol.png', 'logo': 'https://images.pokemontcg.io/neo1/logo.png'}}",20,Kagemaru Himeno,Rare,"Because of its unusual, star-like silhouette, people believe that it came here on a meteor.",[173],{'unlimited': 'Legal'},"{'small': 'https://images.pokemontcg.io/neo1/20.png', 'large': 'https://images.pokemontcg.io/neo1/20_hires.png'}","{'url': 'https://prices.pokemontcg.io/tcgplayer/neo1-20', 'updatedAt': '2021/05/13', 'prices': {'normal': {'low': 18.53, 'mid': 23.27, 'high': 44.49, 'market': 23.27, 'directLow': None}, '1stEditionNormal': {'low': 20.98, 'mid': 30.0, 'high': 49.99, 'market': 34.6, 'directLow': None}}}",,,
3,neo1-22,Elekid,Pokémon,['Baby'],6,30,['Lightning'],,['Electabuzz'],"[""If this Baby Pokémon is your Active Pokémon and your opponent tries to attack, your opponent flips a coin (before doing anything required in order to use that attack). If tails, your opponent's turn ends without an attack.""]",,"{'id': 'neo1', 'name': 'Neo Genesis', 'series': 'Neo', 'printedTotal': 111, 'total': 111, 'legalities': {'unlimited': 'Legal'}, 'ptcgoCode': 'N1', 'releaseDate': '2000/12/16', 'updatedAt': '2020/08/14 09:35:00', 'images': {'symbol': 'https://images.pokemontcg.io/neo1/symbol.png', 'logo': 'https://images.pokemontcg.io/neo1/logo.png'}}",22,Miki Tanaka,Rare,"It rotates its arms to generate electricity, but it tires easily, so it charges up only a little bit.",[239],{'unlimited': 'Legal'},"{'small': 'https://images.pokemontcg.io/neo1/22.png', 'large': 'https://images.pokemontcg.io/neo1/22_hires.png'}","{'url': 'https://prices.pokemontcg.io/tcgplayer/neo1-22', 'updatedAt': '2021/05/13', 'prices': {'normal': {'low': 0.79, 'mid': 3.0, 'high': 10.97, 'market': 3.0, 'directLow': None}, '1stEditionNormal': {'low': 8.66, 'mid': 11.09, 'high': 22.99, 'market': 12.44, 'directLow': None}}}",,,"[{'name': 'Playful Punch', 'text': ""Once during your turn (before your attack), you may flip a coin. If heads, do 20 damage to your opponent's Active Pokémon. (Apply Weakness and Resistance.) Either way, this ends your turn. This power can't be used if Elekid is Asleep, Confused, or Paralyzed."", 'type': 'Pokémon Power'}]"
4,neo1-23,Magby,Pokémon,['Baby'],5,30,['Fire'],,['Magmar'],"[""If this Baby Pokémon is your Active Pokémon and your opponent tries to attack, your opponent flips a coin (before doing anything required in order to use that attack). If tails, your opponent's turn ends without an attack.""]","[{'name': 'Sputter', 'cost': ['Colorless'], 'convertedEnergyCost': 1, 'damage': '10', 'text': 'All Pokémon Powers stop working until the end of your next turn.'}]","{'id': 'neo1', 'name': 'Neo Genesis', 'series': 'Neo', 'printedTotal': 111, 'total': 111, 'legalities': {'unlimited': 'Legal'}, 'ptcgoCode': 'N1', 'releaseDate': '2000/12/16', 'updatedAt': '2020/08/14 09:35:00', 'images': {'symbol': 'https://images.pokemontcg.io/neo1/symbol.png', 'logo': 'https://images.pokemontcg.io/neo1/logo.png'}}",23,Ken Sugimori,Rare,"Each and every time it inhales and exhales, hot embers dribble out of its mouth and nostrils.",[240],{'unlimited': 'Legal'},"{'small': 'https://images.pokemontcg.io/neo1/23.png', 'large': 'https://images.pokemontcg.io/neo1/23_hires.png'}","{'url': 'https://prices.pokemontcg.io/tcgplayer/neo1-23', 'updatedAt': '2021/05/13', 'prices': {'normal': {'low': 1.52, 'mid': 2.75, 'high': 7.94, 'market': 3.24, 'directLow': None}, '1stEditionNormal': {'low': 3.99, 'mid': 10.0, 'high': 27.99, 'market': 11.4, 'directLow': None}}}",,,
5,ecard1-22,Pichu,Pokémon,['Baby'],,30,['Lightning'],Pikachu,['Pikachu'],"[""If your Active Pokémon is a Baby Pokémon and your opponent announces an attack, your opponent flips a coin (before doing anything else). If tails, your opponent's turn ends.""]","[{'name': 'Energy Patch', 'cost': ['Lightning'], 'convertedEnergyCost': 1, 'damage': '', 'text': 'Take a basic Energy card attached to 1 of your Pokémon and attach it to another of your Pokémon.'}]","{'id': 'ecard1', 'name': 'Expedition Base Set', 'series': 'E-Card', 'printedTotal': 165, 'total': 165, 'legalities': {'unlimited': 'Legal'}, 'ptcgoCode': 'EX', 'releaseDate': '2002/09/15', 'updatedAt': '2020/08/14 09:35:00', 'images': {'symbol': 'https://images.pokemontcg.io/ecard1/symbol.png', 'logo': 'https://images.pokemontcg.io/ecard1/logo.png'}}",22,Atsuko Nishida,Rare Holo,,[172],{'unlimited': 'Legal'},"{'small': 'https://images.pokemontcg.io/ecard1/22.png', 'large': 'https://images.pokemontcg.io/ecard1/22_hires.png'}","{'url': 'https://prices.pokemontcg.io/tcgplayer/ecard1-22', 'updatedAt': '2021/05/13', 'prices': {'holofoil': {'low': 149.0, 'mid': 149.5, 'high': 300.0, 'market': 116.67, 'directLow': None}, 'reverseHolofoil': {'low': 32.29, 'mid': 40.0, 'high': 69.99, 'market': 47.66, 'directLow': None}}}",['Colorless'],1.0,
6,basep-31,Cleffa,Pokémon,['Baby'],5,30,['Colorless'],Clefairy,['Clefairy'],"[""If this Baby Pokémon is your Active Pokémon and your opponent announces an attack, your opponent flips a coin (before doing anything else). If tails, your opponent's turn ends.""]","[{'name': 'Eek', 'cost': ['Colorless'], 'convertedEnergyCost': 1, 'damage': '', 'text': 'Draw 2 cards.'}]","{'id': 'basep', 'name': 'Wizards Black Star Promos', 'series': 'Base', 'printedTotal': 53, 'total': 53, 'legalities': {'unlimited': 'Legal'}, 'ptcgoCode': 'PR', 'releaseDate': '1999/07/01', 'updatedAt': '2020/08/14 09:35:00', 'images': {'symbol': 'https://images.pokemontcg.io/basep/symbol.png', 'logo': 'https://images.pokemontcg.io/basep/logo.png'}}",31,Ken Sugimori,Promo,"Because of its unusual, star-like silhouette, people believe that it came here on a meteor.",[173],{'unlimited': 'Legal'},"{'small': 'https://images.pokemontcg.io/basep/31.png', 'large': 'https://images.pokemontcg.io/basep/31_hires.png'}","{'url': 'https://prices.pokemontcg.io/tcgplayer/basep-31', 'updatedAt': '2021/05/13', 'prices': {'normal': {'low': 3.49, 'mid': 5.0, 'high': 10.0, 'market': 4.3, 'directLow': None}}}",,,
7,ecard2-9,Elekid,Pokémon,['Baby'],,30,['Lightning'],Electabuzz,['Electabuzz'],"[""If your Active Pokémon is a Baby Pokémon and your opponent announces an attack, your opponent flips a coin (before doing anything else). If tails, your opponent's turn ends.""]","[{'name': 'Energy Kick', 'cost': ['Lightning'], 'convertedEnergyCost': 1, 'damage': '', 'text': 'Flip a coin. If heads, choose an Energy card attached to the Defending Pokémon. Your opponent moves that card to 1 of his or her other Pokémon. (If your opponent has no Benched Pokémon, this attack does nothing.)'}]","{'id': 'ecard2', 'name': 'Aquapolis', 'series': 'E-Card', 'printedTotal': 186, 'total': 186, 'legalities': {'unlimited': 'Legal'}, 'ptcgoCode': 'AQ', 'releaseDate': '2003/01/15', 'updatedAt': '2020/08/14 09:35:00', 'images': {'symbol': 'https://images.pokemontcg.io/ecard2/symbol.png', 'logo': 'https://images.pokemontcg.io/ecard2/logo.png'}}",9,Hikaru Koike,Rare,,[239],{'unlimited': 'Legal'},"{'small': 'https://images.pokemontcg.io/ecard2/9.png', 'large': 'https://images.pokemontcg.io/ecard2/9_hires.png'}","{'url': 'https://prices.pokemontcg.io/tcgplayer/ecard2-9', 'updatedAt': '2021/05/13', 'prices': {'normal': {'low': 7.99, 'mid': 11.49, 'high': 14.99, 'market': 7.02, 'directLow': None}, 'reverseHolofoil': {'low': 3.15, 'mid': 7.08, 'high': 12.89, 'market': 13.99, 'directLow': None}}}",['Colorless'],1.0,
8,basep-35,Pichu,Pokémon,['Baby'],4,30,['Lightning'],Pikachu,['Pikachu'],"[""If this Baby Pokémon is your Active Pokémon and your opponent announces an attack, your opponent flips a coin (before doing anything else). If tails, your opponent's turn ends.""]","[{'name': ""Let's Play!"", 'cost': ['Colorless'], 'convertedEnergyCost': 1, 'damage': '', 'text': ""Search your deck for a Baby Pokémon card and put it onto your Bench. Shuffle your deck afterward. (You can't use this attack if your Bench is full.)""}]","{'id': 'basep', 'name': 'Wizards Black Star Promos', 'series': 'Base', 'printedTotal': 53, 'total': 53, 'legalities': {'unlimited': 'Legal'}, 'ptcgoCode': 'PR', 'releaseDate': '1999/07/01', 'updatedAt': '2020/08/14 09:35:00', 'images': {'symbol': 'https://images.pokemontcg.io/basep/symbol.png', 'logo': 'https://images.pokemontcg.io/basep/logo.png'}}",35,Ken Sugimori,Promo,It is not yet skilled at storing electricity. It may send out a jolt if amused or startled.,[172],{'unlimited': 'Legal'},"{'small': 'https://images.pokemontcg.io/basep/35.png', 'large': 'https://images.pokemontcg.io/basep/35_hires.png'}","{'url': 'https://prices.pokemontcg.io/tcgplayer/basep-35', 'updatedAt': '2021/05/13', 'prices': {'reverseHolofoil': {'low': 15.0, 'mid': 20.92, 'high': 29.99, 'market': 20.81, 'directLow': None}}}",,,
9,basep-36,Igglybuff,Pokémon,['Baby'],5,30,['Colorless'],Jigglypuff,['Jigglypuff'],"[""If this Baby Pokémon is your Active Pokémon and your opponent announces an attack, your opponent flips a coin (before doing anything else). If tails, your opponent's turn ends.""]","[{'name': 'Good Night Song', 'cost': ['Colorless'], 'convertedEnergyCost': 1, 'damage': '', 'text': 'The Defending Pokémon is now Asleep.'}]","{'id': 'basep', 'name': 'Wizards Black Star Promos', 'series': 'Base', 'printedTotal': 53, 'total': 53, 'legalities': {'unlimited': 'Legal'}, 'ptcgoCode': 'PR', 'releaseDate': '1999/07/01', 'updatedAt': '2020/08/14 09:35:00', 'images': {'symbol': 'https://images.pokemontcg.io/basep/symbol.png', 'logo': 'https://images.pokemontcg.io/basep/logo.png'}}",36,Kagemaru Himeno,Promo,"Its extremely flexible and elastic body makes it bounce continuously—anytime, anywhere.",[174],{'unlimited': 'Legal'},"{'small': 'https://images.pokemontcg.io/basep/36.png', 'large': 'https://images.pokemontcg.io/basep/36_hires.png'}","{'url': 'https://prices.pokemontcg.io/tcgplayer/basep-36', 'updatedAt': '2021/05/13', 'prices': {'normal': {'low': 2.25, 'mid': 3.99, 'high': 10.0, 'market': 3.01, 'directLow': None}}}",,,
10,neo2-40,Igglybuff,Pokémon,['Baby'],6,30,['Colorless'],Jigglypuff,['Jigglypuff'],"[""If this Baby Pokémon is your Active Pokémon and your opponent announces an attack, your opponent flips a coin (before doing anything else). If tails, your opponent's turn ends.""]",,"{'id': 'neo2', 'name': 'Neo Discovery', 'series': 'Neo', 'printedTotal': 75, 'total': 75, 'legalities': {'unlimited': 'Legal'}, 'ptcgoCode': 'N2', 'releaseDate': '2001/06/01', 'updatedAt': '2020/08/14 09:35:00', 'images': {'symbol': 'https://images.pokemontcg.io/neo2/symbol.png', 'logo': 'https://images.pokemontcg.io/neo2/logo.png'}}",40,Miki Tanaka,Uncommon,"It has a very soft body. If it starts to roll, it will bounce all over and be impossible to stop.",[174],{'unlimited': 'Legal'},"{'small': 'https://images.pokemontcg.io/neo2/40.png', 'large': 'https://images.pokemontcg.io/neo2/40_hires.png'}","{'url': 'https://prices.pokemontcg.io/tcgplayer/neo2-40', 'updatedAt': '2021/05/13', 'prices': {'normal': {'low': 0.93, 'mid': 1.5, 'high': 5.23, 'market': 1.83, 'directLow': 1.42}, '1stEditionNormal': {'low': 4.43, 'mid': 6.95, 'high': 7.41, 'market': 5.97, 'directLow': None}}}",,,"[{'name': 'Gaze', 'text': ""Once during your turn (before your attack), choose 1 of your opponent's Benched Pokémon that has a Pokémon Power. That power stops working until the end of this turn. This effect ends if that Pokémon leaves the Bench."", 'type': 'Pokémon Power'}]"
11,neo3-54,Smoochum,Pokémon,['Baby'],6,30,['Psychic'],Jynx,['Jynx'],"[""If this Baby Pokémon is your Active Pokémon and your opponent announces an attack, your opponent flips a coin (before doing anything else). If tails, your opponent's turn ends.""]","[{'name': 'Psykiss', 'cost': ['Colorless'], 'convertedEnergyCost': 1, 'damage': '', 'text': ""Flip a coin. If heads, choose a Special Energy card attached to 1 of your opponent's Pokémon. Your opponent shuffles that card into his or her deck.""}]","{'id': 'neo3', 'name': 'Neo Revelation', 'series': 'Neo', 'printedTotal': 66, 'total': 66, 'legalities': {'unlimited': 'Legal'}, 'ptcgoCode': 'N3', 'releaseDate': '2001/09/21', 'updatedAt': '2020/08/14 09:35:00', 'images': {'symbol': 'https://images.pokemontcg.io/neo3/symbol.png', 'logo': 'https://images.pokemontcg.io/neo3/logo.png'}}",54,Atsuko Nishida,Common,It always rocks its head slowly backwards and forwards as if it is trying to kiss someone.,[238],{'unlimited': 'Legal'},"{'small': 'https://images.pokemontcg.io/neo3/54.png', 'large': 'https://images.pokemontcg.io/neo3/54_hires.png'}","{'url': 'https://prices.pokemontcg.io/tcgplayer/neo3-54', 'updatedAt': '2021/05/13', 'prices': {'normal': {'low': 0.25, 'mid': 0.5, 'high': 1.79, 'market': 0.64, 'directLow': 0.59}, '1stEditionNormal': {'low': 0.98, 'mid': 2.02, 'high': 6.99, 'market': 2.24, 'directLow': None}}}",,,
12,ecard1-52,Magby,Pokémon,['Baby'],,30,['Fire'],Magmar,['Magmar'],"[""If your Active Pokémon is a Baby Pokémon and your opponent announces an attack, your opponent flips a coin (before doing anything else). If tails, your opponent's turn ends.""]","[{'name': 'Energy Catch', 'cost': ['Fire'], 'convertedEnergyCost': 1, 'damage': '', 'text': 'Flip a coin. If heads, put a basic Energy card from your discard pile into your hand.'}]","{'id': 'ecard1', 'name': 'Expedition Base Set', 'series': 'E-Card', 'printedTotal': 165, 'total': 165, 'legalities': {'unlimited': 'Legal'}, 'ptcgoCode': 'EX', 'releaseDate': '2002/09/15', 'updatedAt': '2020/08/14 09:35:00', 'images': {'symbol': 'https://images.pokemontcg.io/ecard1/symbol.png', 'logo': 'https://images.pokemontcg.io/ecard1/logo.png'}}",52,Mitsuhiro Arita,Rare,,[240],{'unlimited': 'Legal'},"{'small': 'https://images.pokemontcg.io/ecard1/52.png', 'large': 'https://images.pokemontcg.io/ecard1/52_hires.png'}","{'url': 'https://prices.pokemontcg.io/tcgplayer/ecard1-52', 'updatedAt': '2021/05/13', 'prices': {'normal': {'low': 1.64, 'mid': 4.99, 'high': 8.99, 'market': 2.9, 'directLow': None}, 'reverseHolofoil': {'low': 5.99, 'mid': 17.99, 'high': 25.0, 'market': 5.67, 'directLow': None}}}",['Colorless'],1.0,
13,ecard1-58,Pichu,Pokémon,['Baby'],,30,['Lightning'],,['Pikachu'],"[""If your Active Pokémon is a Baby Pokémon and your opponent announces an attack, your opponent flips a coin (before doing anything else). If tails, your opponent's turn ends.""]","[{'name': 'Energy Patch', 'cost': ['Lightning'], 'convertedEnergyCost': 1, 'damage': '', 'text': 'Take a basic Energy card attached to 1 of your Pokémon and attach it to another of your Pokémon.'}]","{'id': 'ecard1', 'name': 'Expedition Base Set', 'series': 'E-Card', 'printedTotal': 165, 'total': 165, 'legalities': {'unlimited': 'Legal'}, 'ptcgoCode': 'EX', 'releaseDate': '2002/09/15', 'updatedAt': '2020/08/14 09:35:00', 'images': {'symbol': 'https://images.pokemontcg.io/ecard1/symbol.png', 'logo': 'https://images.pokemontcg.io/ecard1/logo.png'}}",58,Atsuko Nishida,Rare,,[172],{'unlimited': 'Legal'},"{'small': 'https://images.pokemontcg.io/ecard1/58.png', 'large': 'https://images.pokemontcg.io/ecard1/58_hires.png'}","{'url': 'https://prices.pokemontcg.io/tcgplayer/ecard1-58', 'updatedAt': '2021/05/13', 'prices': {'normal': {'low': 10.98, 'mid': 11.45, 'high': 17.0, 'market': 12.68, 'directLow': None}, 'reverseHolofoil': {'low': 12.39, 'mid': 33.24, 'high': 59.99, 'market': 10.3, 'directLow': None}}}",['Colorless'],1.0,
14,neo2-66,Tyrogue,Pokémon,['Baby'],7,30,['Fighting'],HitmonchanHitmonleeHitmontop,"['Hitmonlee', 'Hitmonchan', 'Hitmontop']","[""If this Baby Pokémon is your Active Pokémon and your opponent announces an attack, your opponent flips a coin (before doing anything else). If tails, your opponent's turn ends.""]","[{'name': 'Smash Punch', 'cost': ['Colorless'], 'convertedEnergyCost': 1, 'damage': '30', 'text': 'Flip a coin. If tails, this attack does nothing.'}]","{'id': 'neo2', 'name': 'Neo Discovery', 'series': 'Neo', 'printedTotal': 75, 'total': 75, 'legalities': {'unlimited': 'Legal'}, 'ptcgoCode': 'N2', 'releaseDate': '2001/06/01', 'updatedAt': '2020/08/14 09:35:00', 'images': {'symbol': 'https://images.pokemontcg.io/neo2/symbol.png', 'logo': 'https://images.pokemontcg.io/neo2/logo.png'}}",66,Miki Tanaka,Common,"It is always bursting with energy. To make itself stronger, it keeps on fighting even if it loses.",[236],{'unlimited': 'Legal'},"{'small': 'https://images.pokemontcg.io/neo2/66.png', 'large': 'https://images.pokemontcg.io/neo2/66_hires.png'}","{'url': 'https://prices.pokemontcg.io/tcgplayer/neo2-66', 'updatedAt': '2021/05/13', 'prices': {'normal': {'low': 0.15, 'mid': 0.46, 'high': 2.73, 'market': 0.46, 'directLow': None}, '1stEditionNormal': {'low': 1.5, 'mid': 2.69, 'high': 4.99, 'market': 2.01, 'directLow': None}}}",,,
15,ecard3-48,Cleffa,Pokémon,['Baby'],,30,['Colorless'],Clefairy,['Clefairy'],"[""If your Active Pokémon is a Baby Pokémon and your opponent announces an attack, your opponent flips a coin (before doing anything else). If tails, your opponent's turn ends.""]","[{'name': 'Energy Recycle', 'cost': ['Colorless'], 'convertedEnergyCost': 1, 'damage': '', 'text': 'Shuffle a basic Energy card from your discard pile into your deck.'}]","{'id': 'ecard3', 'name': 'Skyridge', 'series': 'E-Card', 'printedTotal': 182, 'total': 182, 'legalities': {'unlimited': 'Legal'}, 'ptcgoCode': 'SK', 'releaseDate': '2003/05/12', 'updatedAt': '2020/08/14 09:35:00', 'images': {'symbol': 'https://images.pokemontcg.io/ecard3/symbol.png', 'logo': 'https://images.pokemontcg.io/ecard3/logo.png'}}",48,Miki Tanaka,Common,,[173],{'unlimited': 'Legal'},"{'small': 'https://images.pokemontcg.io/ecard3/48.png', 'large': 'https://images.pokemontcg.io/ecard3/48_hires.png'}","{'url': 'https://prices.pokemontcg.io/tcgplayer/ecard3-48', 'updatedAt': '2021/05/13', 'prices': {'normal': {'low': 4.99, 'mid': 8.75, 'high': 14.99, 'market': 6.52, 'directLow': None}, 'reverseHolofoil': {'low': 24.99, 'mid': 51.93, 'high': 78.87, 'market': None, 'directLow': None}}}",['Colorless'],1.0,
16,ecard2-61,Smoochum,Pokémon,['Baby'],,30,['Psychic'],Jynx,['Jynx'],"[""If your Active Pokémon is a Baby Pokémon and your opponent announces an attack, your opponent flips a coin (before doing anything else). If tails, your opponent's turn ends.""]","[{'name': 'Energy Kiss', 'cost': ['Psychic'], 'convertedEnergyCost': 1, 'damage': '10×', 'text': 'Flip a number of coins equal to the number of Energy cards attached to the Defending Pokémon. This attack does 10 damage times the number of heads.'}]","{'id': 'ecard2', 'name': 'Aquapolis', 'series': 'E-Card', 'printedTotal': 186, 'total': 186, 'legalities': {'unlimited': 'Legal'}, 'ptcgoCode': 'AQ', 'releaseDate': '2003/01/15', 'updatedAt': '2020/08/14 09:35:00', 'images': {'symbol': 'https://images.pokemontcg.io/ecard2/symbol.png', 'logo': 'https://images.pokemontcg.io/ecard2/logo.png'}}",61,Kagemaru Himeno,Uncommon,,[238],{'unlimited': 'Legal'},"{'small': 'https://images.pokemontcg.io/ecard2/61.png', 'large': 'https://images.pokemontcg.io/ecard2/61_hires.png'}","{'url': 'https://prices.pokemontcg.io/tcgplayer/ecard2-61', 'updatedAt': '2021/05/13', 'prices': {'normal': {'low': 4.0, 'mid': 5.05, 'high': 9.99, 'market': 4.43, 'directLow': None}, 'reverseHolofoil': {'low': 4.99, 'mid': 5.0, 'high': 5.0, 'market': 7.49, 'directLow': None}}}",['Colorless'],1.0,
17,ecard2-63,Tyrogue,Pokémon,['Baby'],,30,['Fighting'],,"['Hitmonlee', 'Hitmonchan', 'Hitmontop']","[""If your Active Pokémon is a Baby Pokémon and your opponent announces an attack, your opponent flips a coin (before doing anything else). If tails, your opponent's turn ends.""]","[{'name': 'Energy Punch', 'cost': ['Fighting'], 'convertedEnergyCost': 1, 'damage': '10', 'text': 'Flip a coin. If heads, discard a Special Energy card attached to the Defending Pokémon. If tails, this attack does nothing.'}]","{'id': 'ecard2', 'name': 'Aquapolis', 'series': 'E-Card', 'printedTotal': 186, 'total': 186, 'legalities': {'unlimited': 'Legal'}, 'ptcgoCode': 'AQ', 'releaseDate': '2003/01/15', 'updatedAt': '2020/08/14 09:35:00', 'images': {'symbol': 'https://images.pokemontcg.io/ecard2/symbol.png', 'logo': 'https://images.pokemontcg.io/ecard2/logo.png'}}",63,Tomokazu Komiya,Uncommon,,[236],{'unlimited': 'Legal'},"{'small': 'https://images.pokemontcg.io/ecard2/63.png', 'large': 'https://images.pokemontcg.io/ecard2/63_hires.png'}","{'url': 'https://prices.pokemontcg.io/tcgplayer/ecard2-63', 'updatedAt': '2021/05/13', 'prices': {'normal': {'low': 6.0, 'mid': 6.77, 'high': 8.99, 'market': 3.59, 'directLow': None}, 'reverseHolofoil': {'low': 3.77, 'mid': 6.99, 'high': 7.52, 'market': 6.1, 'directLow': None}}}",['Colorless'],1.0,
18,ecard3-67,Igglybuff,Pokémon,['Baby'],,30,['Colorless'],Jigglypuff,['Jigglypuff'],"[""If your Active Pokémon is a Baby Pokémon and your opponent announces an attack, your opponent flips a coin (before doing anything else). If tails, your opponent's turn ends.""]","[{'name': 'Energy Heal', 'cost': ['Colorless'], 'convertedEnergyCost': 1, 'damage': '', 'text': 'Choose 1 of your Pokémon with an Energy card attached to it. Remove 1 damage counter from that Pokémon.'}]","{'id': 'ecard3', 'name': 'Skyridge', 'series': 'E-Card', 'printedTotal': 182, 'total': 182, 'legalities': {'unlimited': 'Legal'}, 'ptcgoCode': 'SK', 'releaseDate': '2003/05/12', 'updatedAt': '2020/08/14 09:35:00', 'images': {'symbol': 'https://images.pokemontcg.io/ecard3/symbol.png', 'logo': 'https://images.pokemontcg.io/ecard3/logo.png'}}",67,Keiko Fukuyama,Common,,[174],{'unlimited': 'Legal'},"{'small': 'https://images.pokemontcg.io/ecard3/67.png', 'large': 'https://images.pokemontcg.io/ecard3/67_hires.png'}","{'url': 'https://prices.pokemontcg.io/tcgplayer/ecard3-67', 'updatedAt': '2021/05/13', 'prices': {'normal': {'low': 10.95, 'mid': 10.95, 'high': 29.99, 'market': 8.56, 'directLow': None}, 'reverseHolofoil': {'low': 41.99, 'mid': 41.99, 'high': 41.99, 'market': 20.9, 'directLow': None}}}",['Colorless'],1.0,
